-- ============================================
-- SEED: Expense Categories + Budgets + Line Items
-- Run this in Supabase SQL Editor
-- ============================================

-- Expense Categories (with colors for charts)
INSERT INTO expense_categories (id, name, color, icon) VALUES
  ('ec000000-0000-0000-0000-000000000001', 'Scheduled Maintenance', '#22c55e', 'wrench'),
  ('ec000000-0000-0000-0000-000000000002', 'Warranties', '#4ade80', 'shield'),
  ('ec000000-0000-0000-0000-000000000003', 'Fuel', '#a855f7', 'fuel'),
  ('ec000000-0000-0000-0000-000000000004', 'Subscriptions', '#f59e0b', 'repeat'),
  ('ec000000-0000-0000-0000-000000000005', 'Management', '#ef4444', 'users'),
  ('ec000000-0000-0000-0000-000000000006', 'Insurance', '#06b6d4', 'shield-check'),
  ('ec000000-0000-0000-0000-000000000007', 'Crew & Staff', '#8b5cf6', 'user-group'),
  ('ec000000-0000-0000-0000-000000000008', 'Property Tax', '#f97316', 'landmark'),
  ('ec000000-0000-0000-0000-000000000009', 'Utilities', '#64748b', 'zap'),
  ('ec000000-0000-0000-0000-000000000010', 'Landscaping', '#10b981', 'trees'),
  ('ec000000-0000-0000-0000-000000000011', 'Storage & Facility', '#6366f1', 'warehouse'),
  ('ec000000-0000-0000-0000-000000000012', 'Legal & Compliance', '#dc2626', 'scale')
ON CONFLICT (id) DO NOTHING;

-- ============================================
-- GULFSTREAM G650 Budget (2025) — matches the screenshot
-- ============================================
INSERT INTO budgets (id, asset_id, organization_id, year) VALUES
  ('b0000000-0000-0000-0000-000000000001', 'a0000000-0000-0000-0000-000000000007', '00000000-0000-0000-0000-000000000001', 2025)
ON CONFLICT (id) DO NOTHING;

INSERT INTO budget_line_items (budget_id, expense_category_id, description, jan, feb, mar, apr, may, jun, jul, aug, sep, oct, nov, dec, annual_total) VALUES
-- Scheduled Maintenance (16 items, ~$1.3M)
('b0000000-0000-0000-0000-000000000001', 'ec000000-0000-0000-0000-000000000001', 'Engine Inspection A', 0, 0, 45000, 0, 0, 0, 0, 0, 45000, 0, 0, 0, 90000),
('b0000000-0000-0000-0000-000000000001', 'ec000000-0000-0000-0000-000000000001', 'Engine Inspection B', 0, 0, 0, 0, 0, 85000, 0, 0, 0, 0, 0, 85000, 170000),
('b0000000-0000-0000-0000-000000000001', 'ec000000-0000-0000-0000-000000000001', 'Avionics Software Update', 12000, 0, 0, 12000, 0, 0, 12000, 0, 0, 12000, 0, 0, 48000),
('b0000000-0000-0000-0000-000000000001', 'ec000000-0000-0000-0000-000000000001', 'Landing Gear Service', 0, 0, 0, 0, 0, 0, 75000, 0, 0, 0, 0, 0, 75000),
('b0000000-0000-0000-0000-000000000001', 'ec000000-0000-0000-0000-000000000001', 'APU Overhaul', 0, 0, 0, 0, 125000, 0, 0, 0, 0, 0, 0, 0, 125000),
('b0000000-0000-0000-0000-000000000001', 'ec000000-0000-0000-0000-000000000001', 'Interior Refurbishment', 0, 0, 0, 0, 0, 0, 0, 55000, 55000, 0, 0, 0, 110000),
('b0000000-0000-0000-0000-000000000001', 'ec000000-0000-0000-0000-000000000001', 'Paint Touch-Up', 0, 0, 0, 0, 0, 0, 0, 0, 0, 35000, 0, 0, 35000),
('b0000000-0000-0000-0000-000000000001', 'ec000000-0000-0000-0000-000000000001', 'Oxygen System Service', 8500, 0, 0, 0, 0, 8500, 0, 0, 0, 0, 0, 8500, 25500),
('b0000000-0000-0000-0000-000000000001', 'ec000000-0000-0000-0000-000000000001', 'Fire Suppression Test', 0, 15000, 0, 0, 0, 0, 0, 15000, 0, 0, 0, 0, 30000),
('b0000000-0000-0000-0000-000000000001', 'ec000000-0000-0000-0000-000000000001', 'Brake Assembly Replacement', 0, 0, 0, 0, 0, 0, 0, 0, 42000, 0, 0, 0, 42000),
('b0000000-0000-0000-0000-000000000001', 'ec000000-0000-0000-0000-000000000001', 'Hydraulic System Check', 9500, 0, 9500, 0, 9500, 0, 9500, 0, 9500, 0, 9500, 0, 57000),
('b0000000-0000-0000-0000-000000000001', 'ec000000-0000-0000-0000-000000000001', 'Wing Flap Actuator Service', 0, 0, 0, 0, 0, 0, 0, 0, 0, 0, 45000, 0, 45000),
('b0000000-0000-0000-0000-000000000001', 'ec000000-0000-0000-0000-000000000001', 'Pressurization System Check', 0, 0, 22000, 0, 0, 0, 0, 0, 22000, 0, 0, 0, 44000),
('b0000000-0000-0000-0000-000000000001', 'ec000000-0000-0000-0000-000000000001', 'Weather Radar Calibration', 0, 18000, 0, 0, 0, 0, 0, 18000, 0, 0, 0, 0, 36000),
('b0000000-0000-0000-0000-000000000001', 'ec000000-0000-0000-0000-000000000001', 'Emergency Equipment Recert', 0, 0, 0, 25000, 0, 0, 0, 0, 0, 25000, 0, 0, 50000),
('b0000000-0000-0000-0000-000000000001', 'ec000000-0000-0000-0000-000000000001', 'Tire Replacement', 5500, 0, 5500, 0, 5500, 0, 5500, 0, 5500, 0, 5500, 0, 33000),

-- Warranties (7 items, ~$1.3M)
('b0000000-0000-0000-0000-000000000001', 'ec000000-0000-0000-0000-000000000002', 'Rolls-Royce Engine Coverage', 45000, 45000, 45000, 45000, 45000, 45000, 45000, 45000, 45000, 45000, 45000, 45000, 540000),
('b0000000-0000-0000-0000-000000000001', 'ec000000-0000-0000-0000-000000000002', 'Honeywell Avionics Warranty', 22000, 22000, 22000, 22000, 22000, 22000, 22000, 22000, 22000, 22000, 22000, 22000, 264000),
('b0000000-0000-0000-0000-000000000001', 'ec000000-0000-0000-0000-000000000002', 'Gulfstream Airframe Program', 18500, 18500, 18500, 18500, 18500, 18500, 18500, 18500, 18500, 18500, 18500, 18500, 222000),
('b0000000-0000-0000-0000-000000000001', 'ec000000-0000-0000-0000-000000000002', 'APU Warranty Extension', 8000, 8000, 8000, 8000, 8000, 8000, 8000, 8000, 8000, 8000, 8000, 8000, 96000),
('b0000000-0000-0000-0000-000000000001', 'ec000000-0000-0000-0000-000000000002', 'Landing Gear Warranty', 5500, 5500, 5500, 5500, 5500, 5500, 5500, 5500, 5500, 5500, 5500, 5500, 66000),
('b0000000-0000-0000-0000-000000000001', 'ec000000-0000-0000-0000-000000000002', 'Cabin Entertainment Warranty', 4200, 4200, 4200, 4200, 4200, 4200, 4200, 4200, 4200, 4200, 4200, 4200, 50400),
('b0000000-0000-0000-0000-000000000001', 'ec000000-0000-0000-0000-000000000002', 'WiFi System Contract', 4400, 4400, 4400, 4400, 4400, 4400, 4400, 4400, 4400, 4400, 4400, 4400, 52800),

-- Fuel (3 items, ~$829K) — variable
('b0000000-0000-0000-0000-000000000001', 'ec000000-0000-0000-0000-000000000003', 'Jet-A Fuel (Domestic)', 42000, 38000, 55000, 48000, 62000, 71000, 78000, 82000, 58000, 45000, 39000, 36000, 654000),
('b0000000-0000-0000-0000-000000000001', 'ec000000-0000-0000-0000-000000000003', 'Jet-A Fuel (International)', 0, 0, 15000, 0, 22000, 18000, 25000, 30000, 12000, 0, 0, 0, 122000),
('b0000000-0000-0000-0000-000000000001', 'ec000000-0000-0000-0000-000000000003', 'De-Icing Fluid', 8500, 9200, 6000, 2000, 0, 0, 0, 0, 0, 3500, 7000, 16250, 52450),

-- Subscriptions (5 items, ~$284K)
('b0000000-0000-0000-0000-000000000001', 'ec000000-0000-0000-0000-000000000004', 'NetJets QS Access Card', 12500, 12500, 12500, 12500, 12500, 12500, 12500, 12500, 12500, 12500, 12500, 12500, 150000),
('b0000000-0000-0000-0000-000000000001', 'ec000000-0000-0000-0000-000000000004', 'Satcom Data Plan', 3800, 3800, 3800, 3800, 3800, 3800, 3800, 3800, 3800, 3800, 3800, 3800, 45600),
('b0000000-0000-0000-0000-000000000001', 'ec000000-0000-0000-0000-000000000004', 'FlightAware Business', 1200, 1200, 1200, 1200, 1200, 1200, 1200, 1200, 1200, 1200, 1200, 1200, 14400),
('b0000000-0000-0000-0000-000000000001', 'ec000000-0000-0000-0000-000000000004', 'ForeFlight Enterprise', 850, 850, 850, 850, 850, 850, 850, 850, 850, 850, 850, 850, 10200),
('b0000000-0000-0000-0000-000000000001', 'ec000000-0000-0000-0000-000000000004', 'Jeppesen NavData', 5300, 5300, 5300, 5300, 5300, 5300, 5300, 5300, 5300, 5300, 5300, 5300, 63600),

-- Management (4 items, ~$259K)
('b0000000-0000-0000-0000-000000000001', 'ec000000-0000-0000-0000-000000000005', 'Flight Department Management', 12500, 12500, 12500, 12500, 12500, 12500, 12500, 12500, 12500, 12500, 12500, 12500, 150000),
('b0000000-0000-0000-0000-000000000001', 'ec000000-0000-0000-0000-000000000005', 'Hangar Rent', 4500, 4500, 4500, 4500, 4500, 4500, 4500, 4500, 4500, 4500, 4500, 4500, 54000),
('b0000000-0000-0000-0000-000000000001', 'ec000000-0000-0000-0000-000000000005', 'Trip Planning Service', 2800, 2800, 2800, 2800, 2800, 2800, 2800, 2800, 2800, 2800, 2800, 2800, 33600),
('b0000000-0000-0000-0000-000000000001', 'ec000000-0000-0000-0000-000000000005', 'Compliance Audit', 0, 0, 0, 0, 0, 10750, 0, 0, 0, 0, 0, 10750, 21500),

-- Insurance (3 items, ~$191K)
('b0000000-0000-0000-0000-000000000001', 'ec000000-0000-0000-0000-000000000006', 'Hull & Liability Insurance', 10800, 10800, 10800, 10800, 10800, 10800, 10800, 10800, 10800, 10800, 10800, 10800, 129600),
('b0000000-0000-0000-0000-000000000001', 'ec000000-0000-0000-0000-000000000006', 'War Risk Insurance', 2600, 2600, 2600, 2600, 2600, 2600, 2600, 2600, 2600, 2600, 2600, 2600, 31200),
('b0000000-0000-0000-0000-000000000001', 'ec000000-0000-0000-0000-000000000006', 'Crew Life & Disability', 2500, 2500, 2500, 2500, 2500, 2500, 2500, 2500, 2500, 2500, 2500, 2500, 30000);

-- ============================================
-- SEA SPIRIT YACHT Budget (2025)
-- ============================================
INSERT INTO budgets (id, asset_id, organization_id, year) VALUES
  ('b0000000-0000-0000-0000-000000000002', 'a0000000-0000-0000-0000-000000000003', '00000000-0000-0000-0000-000000000001', 2025)
ON CONFLICT (id) DO NOTHING;

INSERT INTO budget_line_items (budget_id, expense_category_id, description, jan, feb, mar, apr, may, jun, jul, aug, sep, oct, nov, dec, annual_total) VALUES
('b0000000-0000-0000-0000-000000000002', 'ec000000-0000-0000-0000-000000000007', 'Captain Salary', 18000, 18000, 18000, 18000, 18000, 18000, 18000, 18000, 18000, 18000, 18000, 18000, 216000),
('b0000000-0000-0000-0000-000000000002', 'ec000000-0000-0000-0000-000000000007', 'First Officer', 14000, 14000, 14000, 14000, 14000, 14000, 14000, 14000, 14000, 14000, 14000, 14000, 168000),
('b0000000-0000-0000-0000-000000000002', 'ec000000-0000-0000-0000-000000000007', 'Engineer', 12000, 12000, 12000, 12000, 12000, 12000, 12000, 12000, 12000, 12000, 12000, 12000, 144000),
('b0000000-0000-0000-0000-000000000002', 'ec000000-0000-0000-0000-000000000007', 'Chef & Stewardess', 16000, 16000, 16000, 16000, 16000, 16000, 16000, 16000, 16000, 16000, 16000, 16000, 192000),
('b0000000-0000-0000-0000-000000000002', 'ec000000-0000-0000-0000-000000000003', 'Marine Diesel', 25000, 18000, 35000, 42000, 55000, 68000, 75000, 72000, 48000, 32000, 22000, 20000, 512000),
('b0000000-0000-0000-0000-000000000002', 'ec000000-0000-0000-0000-000000000001', 'Annual Haul-Out', 0, 0, 0, 0, 0, 0, 0, 0, 0, 0, 85000, 85000, 170000),
('b0000000-0000-0000-0000-000000000002', 'ec000000-0000-0000-0000-000000000006', 'P&I Insurance', 8500, 8500, 8500, 8500, 8500, 8500, 8500, 8500, 8500, 8500, 8500, 8500, 102000),
('b0000000-0000-0000-0000-000000000002', 'ec000000-0000-0000-0000-000000000011', 'Marina Fees', 6000, 6000, 6000, 8000, 12000, 15000, 18000, 18000, 12000, 8000, 6000, 6000, 121000);

-- ============================================
-- ASPEN ESTATE Budget (2025)
-- ============================================
INSERT INTO budgets (id, asset_id, organization_id, year) VALUES
  ('b0000000-0000-0000-0000-000000000003', 'a0000000-0000-0000-0000-000000000001', '00000000-0000-0000-0000-000000000001', 2025)
ON CONFLICT (id) DO NOTHING;

INSERT INTO budget_line_items (budget_id, expense_category_id, description, jan, feb, mar, apr, may, jun, jul, aug, sep, oct, nov, dec, annual_total) VALUES
('b0000000-0000-0000-0000-000000000003', 'ec000000-0000-0000-0000-000000000008', 'Property Tax', 0, 0, 0, 62500, 0, 0, 0, 0, 0, 62500, 0, 0, 125000),
('b0000000-0000-0000-0000-000000000003', 'ec000000-0000-0000-0000-000000000006', 'Homeowners Insurance', 4200, 4200, 4200, 4200, 4200, 4200, 4200, 4200, 4200, 4200, 4200, 4200, 50400),
('b0000000-0000-0000-0000-000000000003', 'ec000000-0000-0000-0000-000000000009', 'Utilities', 8500, 7200, 5800, 4200, 3500, 3200, 4800, 4600, 3800, 4500, 6200, 8200, 64500),
('b0000000-0000-0000-0000-000000000003', 'ec000000-0000-0000-0000-000000000010', 'Landscaping & Snow Removal', 12000, 12000, 8000, 5000, 3500, 3500, 3500, 3500, 3500, 5000, 8000, 12000, 79500),
('b0000000-0000-0000-0000-000000000003', 'ec000000-0000-0000-0000-000000000005', 'Property Manager', 6500, 6500, 6500, 6500, 6500, 6500, 6500, 6500, 6500, 6500, 6500, 6500, 78000),
('b0000000-0000-0000-0000-000000000003', 'ec000000-0000-0000-0000-000000000007', 'Housekeeping Staff', 8000, 8000, 8000, 8000, 8000, 8000, 8000, 8000, 8000, 8000, 8000, 8000, 96000),
('b0000000-0000-0000-0000-000000000003', 'ec000000-0000-0000-0000-000000000001', 'HVAC Service', 0, 0, 4500, 0, 0, 4500, 0, 0, 4500, 0, 0, 4500, 18000),
('b0000000-0000-0000-0000-000000000003', 'ec000000-0000-0000-0000-000000000012', 'HOA & Legal', 3500, 3500, 3500, 3500, 3500, 3500, 3500, 3500, 3500, 3500, 3500, 3500, 42000);
